"Id";"Designator";"Footprint";"Quantity";"Designation";"Supplier and ref";
1;""'1, -1, :;1, <1, =2, >1, ?/1, A2, abovetab1, B1, C1, D151, DOWN1, E1, F1, F2, F3, F4, F5, F6, F9, G1, H1, I1, J1, K1, L1, LCRTL1, LEFT1, LFN1, M1, N0, N1, N2, N3, N4, N5, N6, N7, N8, N9, N10, O1, OPTION1, P1, Q1, R1, RIGHT1, ROPTION1, RSHIFT2, RSHIFT3, S1, T1, U2, UP1, V1, W1, X1, Y1, Z1, \|1, {1, }1";"SW_Cherry_MX_1.00u_PCB-Gateron-KS-3x switch";63;"SW_Push";;;
2;"A1";"RaspberryPi_Pico_W_SMD_HandSolder";1;"RaspberryPi_Pico_W";;;
3;"CAPS1, ENTER1, RSHIFT1";"SW_Cherry_MX_1.75u_PCB-Gateron-KS-3X";3;"SW_Push";;;
4;"CMD1, RCMD1";"SW_Cherry_MX_1.25u_PCB-Gateron-KS-3X";2;"SW_Push";;;
5;"D1, D2, D3, D4, D5, D6, D7, D10, D11, D12, D13, D14, D15, D16, D17, D18, D19, D20, D21, D24, D25, D26, D27, D28, D29, D30, D31, D32, D33, D34, D35, D36, D37, D38, D39, D40, D41, D42, D43, D44, D45, D46, D47, D48, D49, D50, D51, D52, D53, D54, D55, D56, D57, D58, D59, D60, D61, D62, D63, D64, D65, D66, D67, D68, D69, D70, D71, D72, D73, D74, D75, D76, D98, D99, D152";"D_DO-35_SOD27_P7.62mm_Horizontal";75;"1N4148";;;
6;"DELL1, ESC1, Tab1";"SW_Cherry_MX_1.50u_PCB-Gateron-KS-3X";3;"SW_Push";;;
7;"LSHIFT1";"SW_Cherry_MX_2.25u_PCB-Gateron-KS-3X";1;"SW_Push";;;
8;"SPACE1";"SW_Cherry_MX_6.25u_PCB-Gateron-KS-3X-switch";1;"SW_Push";;;
9;"SW1, SW2";"RotaryEncoder_Alps_EC11E-Switch_Vertical_H20mm";2;"RotaryEncoder_Switch";;;
10;"U1";"ER_OLEDM0.91_1x-I2C";1;"ER_OLEDM0.91_1x-I2C";;;
