Ref,Val,Package,PosX,PosY,Rot,Side
"D1","1N4148","D_DO-35_SOD27_P7.62mm_Horizontal",94.985000,-49.625000,90.000000,bottom
"D2","1N4148","D_DO-35_SOD27_P7.62mm_Horizontal",120.200000,-49.550000,90.000000,bottom
"D3","1N4148","D_DO-35_SOD27_P7.62mm_Horizontal",141.850000,-50.300000,90.000000,bottom
"D4","1N4148","D_DO-35_SOD27_P7.62mm_Horizontal",160.600000,-50.115000,90.000000,bottom
"D5","1N4148","D_DO-35_SOD27_P7.62mm_Horizontal",203.020000,-50.370000,90.000000,bottom
"D6","1N4148","D_DO-35_SOD27_P7.62mm_Horizontal",221.920000,-50.185000,90.000000,bottom
"D10","1N4148","D_DO-35_SOD27_P7.62mm_Horizontal",90.525000,-74.285000,90.000000,bottom
"D11","1N4148","D_DO-35_SOD27_P7.62mm_Horizontal",93.450000,-74.325000,90.000000,bottom
"D12","1N4148","D_DO-35_SOD27_P7.62mm_Horizontal",110.975000,-73.875000,90.000000,bottom
"D13","1N4148","D_DO-35_SOD27_P7.62mm_Horizontal",129.900000,-73.450000,90.000000,bottom
"D14","1N4148","D_DO-35_SOD27_P7.62mm_Horizontal",149.450000,-73.925000,90.000000,bottom
"D15","1N4148","D_DO-35_SOD27_P7.62mm_Horizontal",169.075000,-73.925000,90.000000,bottom
"D16","1N4148","D_DO-35_SOD27_P7.62mm_Horizontal",187.350000,-73.750000,90.000000,bottom
"D17","1N4148","D_DO-35_SOD27_P7.62mm_Horizontal",206.650000,-74.150000,90.000000,bottom
"D18","1N4148","D_DO-35_SOD27_P7.62mm_Horizontal",226.725000,-74.150000,90.000000,bottom
"D19","1N4148","D_DO-35_SOD27_P7.62mm_Horizontal",244.825000,-73.750000,90.000000,bottom
"D20","1N4148","D_DO-35_SOD27_P7.62mm_Horizontal",264.350000,-74.175000,90.000000,bottom
"D21","1N4148","D_DO-35_SOD27_P7.62mm_Horizontal",283.350000,-73.650000,90.000000,bottom
"D24","1N4148","D_DO-35_SOD27_P7.62mm_Horizontal",302.350000,-72.625000,90.000000,bottom
"D25","1N4148","D_DO-35_SOD27_P7.62mm_Horizontal",75.675000,-92.435000,90.000000,bottom
"D26","1N4148","D_DO-35_SOD27_P7.62mm_Horizontal",101.175000,-92.535000,90.000000,bottom
"D27","1N4148","D_DO-35_SOD27_P7.62mm_Horizontal",120.675000,-92.435000,90.000000,bottom
"D28","1N4148","D_DO-35_SOD27_P7.62mm_Horizontal",139.125000,-92.470000,90.000000,bottom
"D29","1N4148","D_DO-35_SOD27_P7.62mm_Horizontal",159.250000,-92.470000,90.000000,bottom
"D30","1N4148","D_DO-35_SOD27_P7.62mm_Horizontal",178.125000,-92.860000,90.000000,bottom
"D31","1N4148","D_DO-35_SOD27_P7.62mm_Horizontal",196.975000,-93.285000,90.000000,bottom
"D32","1N4148","D_DO-35_SOD27_P7.62mm_Horizontal",215.850000,-92.860000,90.000000,bottom
"D33","1N4148","D_DO-35_SOD27_P7.62mm_Horizontal",235.125000,-93.685000,90.000000,bottom
"D34","1N4148","D_DO-35_SOD27_P7.62mm_Horizontal",255.675000,-91.710000,90.000000,bottom
"D35","1N4148","D_DO-35_SOD27_P7.62mm_Horizontal",274.250000,-92.150000,90.000000,bottom
"D36","1N4148","D_DO-35_SOD27_P7.62mm_Horizontal",294.000000,-92.485000,90.000000,bottom
"D37","1N4148","D_DO-35_SOD27_P7.62mm_Horizontal",312.575000,-92.150000,90.000000,bottom
"D38","1N4148","D_DO-35_SOD27_P7.62mm_Horizontal",331.500000,-93.010000,90.000000,bottom
"D39","1N4148","D_DO-35_SOD27_P7.62mm_Horizontal",100.925000,-111.110000,90.000000,bottom
"D40","1N4148","D_DO-35_SOD27_P7.62mm_Horizontal",105.725000,-111.210000,90.000000,bottom
"D41","1N4148","D_DO-35_SOD27_P7.62mm_Horizontal",125.050000,-111.560000,90.000000,bottom
"D42","1N4148","D_DO-35_SOD27_P7.62mm_Horizontal",144.500000,-112.210000,90.000000,bottom
"D43","1N4148","D_DO-35_SOD27_P7.62mm_Horizontal",163.400000,-112.985000,90.000000,bottom
"D44","1N4148","D_DO-35_SOD27_P7.62mm_Horizontal",182.900000,-112.795000,90.000000,bottom
"D45","1N4148","D_DO-35_SOD27_P7.62mm_Horizontal",201.825000,-112.435000,90.000000,bottom
"D46","1N4148","D_DO-35_SOD27_P7.62mm_Horizontal",221.025000,-111.860000,90.000000,bottom
"D47","1N4148","D_DO-35_SOD27_P7.62mm_Horizontal",240.725000,-112.435000,90.000000,bottom
"D48","1N4148","D_DO-35_SOD27_P7.62mm_Horizontal",259.800000,-112.110000,90.000000,bottom
"D49","1N4148","D_DO-35_SOD27_P7.62mm_Horizontal",278.875000,-111.785000,90.000000,bottom
"D50","1N4148","D_DO-35_SOD27_P7.62mm_Horizontal",298.300000,-112.250000,90.000000,bottom
"D51","1N4148","D_DO-35_SOD27_P7.62mm_Horizontal",321.325000,-111.460000,90.000000,bottom
"D52","1N4148","D_DO-35_SOD27_P7.62mm_Horizontal",104.150000,-131.035000,90.000000,bottom
"D53","1N4148","D_DO-35_SOD27_P7.62mm_Horizontal",109.800000,-131.720000,90.000000,bottom
"D54","1N4148","D_DO-35_SOD27_P7.62mm_Horizontal",134.850000,-131.970000,90.000000,bottom
"D55","1N4148","D_DO-35_SOD27_P7.62mm_Horizontal",154.150000,-131.470000,90.000000,bottom
"D56","1N4148","D_DO-35_SOD27_P7.62mm_Horizontal",173.200000,-131.220000,90.000000,bottom
"D57","1N4148","D_DO-35_SOD27_P7.62mm_Horizontal",192.475000,-131.470000,90.000000,bottom
"D58","1N4148","D_DO-35_SOD27_P7.62mm_Horizontal",211.825000,-130.985000,90.000000,bottom
"D59","1N4148","D_DO-35_SOD27_P7.62mm_Horizontal",230.525000,-130.860000,90.000000,bottom
"D60","1N4148","D_DO-35_SOD27_P7.62mm_Horizontal",250.500000,-131.535000,90.000000,bottom
"D61","1N4148","D_DO-35_SOD27_P7.62mm_Horizontal",269.450000,-130.860000,90.000000,bottom
"D62","1N4148","D_DO-35_SOD27_P7.62mm_Horizontal",288.750000,-132.185000,90.000000,bottom
"D63","1N4148","D_DO-35_SOD27_P7.62mm_Horizontal",314.600000,-131.185000,90.000000,bottom
"D64","1N4148","D_DO-35_SOD27_P7.62mm_Horizontal",90.275000,-150.335000,90.000000,bottom
"D65","1N4148","D_DO-35_SOD27_P7.62mm_Horizontal",93.100000,-150.335000,90.000000,bottom
"D66","1N4148","D_DO-35_SOD27_P7.62mm_Horizontal",110.825000,-151.120000,90.000000,bottom
"D67","1N4148","D_DO-35_SOD27_P7.62mm_Horizontal",131.950000,-151.120000,90.000000,bottom
"D68","1N4148","D_DO-35_SOD27_P7.62mm_Horizontal",151.650000,-152.110000,90.000000,bottom
"D69","1N4148","D_DO-35_SOD27_P7.62mm_Horizontal",274.175000,-150.185000,90.000000,bottom
"D70","1N4148","D_DO-35_SOD27_P7.62mm_Horizontal",294.350000,-150.700000,90.000000,bottom
"D71","1N4148","D_DO-35_SOD27_P7.62mm_Horizontal",318.225000,-151.495000,90.000000,bottom
"D72","1N4148","D_DO-35_SOD27_P7.62mm_Horizontal",345.825000,-130.925000,90.000000,bottom
"D73","1N4148","D_DO-35_SOD27_P7.62mm_Horizontal",344.315000,-136.850000,0.000000,bottom
"D74","1N4148","D_DO-35_SOD27_P7.62mm_Horizontal",363.575000,-136.865000,-90.000000,bottom
"D75","1N4148","D_DO-35_SOD27_P7.62mm_Horizontal",326.360000,-37.325000,180.000000,bottom
"D76","1N4148","D_DO-35_SOD27_P7.62mm_Horizontal",338.840000,-37.500000,0.000000,bottom
"D77","SK6812MINI-E","SK6812MINI-E_fixed-3d",336.775000,-73.675000,180.000000,bottom
"D78","SK6812MINI-E","SK6812MINI-E_fixed-3d",313.150000,-74.100000,180.000000,bottom
"D79","SK6812MINI-E","SK6812MINI-E_fixed-3d",293.425001,-74.202842,180.000000,bottom
"D80","SK6812MINI-E","SK6812MINI-E_fixed-3d",274.350000,-73.975000,180.000000,bottom
"D81","SK6812MINI-E","SK6812MINI-E_fixed-3d",254.625001,-74.002842,180.000000,bottom
"D82","SK6812MINI-E","SK6812MINI-E_fixed-3d",235.775000,-73.700000,180.000000,bottom
"D83","SK6812MINI-E","SK6812MINI-E_fixed-3d",216.375000,-73.600000,180.000000,bottom
"D84","SK6812MINI-E","SK6812MINI-E_fixed-3d",197.225000,-73.725000,180.000000,bottom
"D85","SK6812MINI-E","SK6812MINI-E_fixed-3d",178.312501,-73.777842,180.000000,bottom
"D86","SK6812MINI-E","SK6812MINI-E_fixed-3d",158.600001,-73.727842,180.000000,bottom
"D87","SK6812MINI-E","SK6812MINI-E_fixed-3d",140.212501,-73.827842,180.000000,bottom
"D88","SK6812MINI-E","SK6812MINI-E_fixed-3d",120.825000,-73.850000,180.000000,bottom
"D89","SK6812MINI-E","SK6812MINI-E_fixed-3d",101.162501,-74.052842,180.000000,bottom
"D90","SK6812MINI-E","SK6812MINI-E_fixed-3d",82.050000,-74.025000,180.000000,bottom
"D91","SK6812MINI-E","SK6812MINI-E_fixed-3d",86.610001,-49.952842,180.000000,bottom
"D92","SK6812MINI-E","SK6812MINI-E_fixed-3d",131.350000,-49.765000,180.000000,bottom
"D93","SK6812MINI-E","SK6812MINI-E_fixed-3d",150.700000,-49.990000,180.000000,bottom
"D94","SK6812MINI-E","SK6812MINI-E_fixed-3d",170.187501,-49.942842,180.000000,bottom
"D95","SK6812MINI-E","SK6812MINI-E_fixed-3d",212.145001,-49.577842,180.000000,bottom
"D96","SK6812MINI-E","SK6812MINI-E_fixed-3d",231.745000,-50.225000,180.000000,bottom
"D100","SK6812MINI-E","SK6812MINI-E_fixed-3d",86.712501,-92.802842,180.000000,bottom
"D101","SK6812MINI-E","SK6812MINI-E_fixed-3d",111.087501,-93.552842,180.000000,bottom
"D102","SK6812MINI-E","SK6812MINI-E_fixed-3d",130.637501,-93.127842,180.000000,bottom
"D103","SK6812MINI-E","SK6812MINI-E_fixed-3d",149.662501,-93.327842,180.000000,bottom
"D104","SK6812MINI-E","SK6812MINI-E_fixed-3d",168.600001,-92.527842,180.000000,bottom
"D105","SK6812MINI-E","SK6812MINI-E_fixed-3d",187.600001,-92.927842,180.000000,bottom
"D106","SK6812MINI-E","SK6812MINI-E_fixed-3d",206.800001,-92.927842,180.000000,bottom
"D107","SK6812MINI-E","SK6812MINI-E_fixed-3d",226.350000,-93.325000,180.000000,bottom
"D108","SK6812MINI-E","SK6812MINI-E_fixed-3d",245.000001,-92.677842,180.000000,bottom
"D109","SK6812MINI-E","SK6812MINI-E_fixed-3d",264.375000,-93.075000,180.000000,bottom
"D110","SK6812MINI-E","SK6812MINI-E_fixed-3d",284.225001,-93.152842,180.000000,bottom
"D111","SK6812MINI-E","SK6812MINI-E_fixed-3d",303.725001,-93.652842,180.000000,bottom
"D112","SK6812MINI-E","SK6812MINI-E_fixed-3d",322.475001,-92.902842,180.000000,bottom
"D113","SK6812MINI-E","SK6812MINI-E_fixed-3d",341.725001,-93.152842,180.000000,bottom
"D114","SK6812MINI-E","SK6812MINI-E_fixed-3d",89.250001,-112.152842,180.000000,bottom
"D115","SK6812MINI-E","SK6812MINI-E_fixed-3d",115.550001,-113.027842,180.000000,bottom
"D116","SK6812MINI-E","SK6812MINI-E_fixed-3d",134.925001,-112.377842,180.000000,bottom
"D117","SK6812MINI-E","SK6812MINI-E_fixed-3d",154.175001,-112.152842,180.000000,bottom
"D118","SK6812MINI-E","SK6812MINI-E_fixed-3d",172.975001,-112.052842,180.000000,bottom
"D119","SK6812MINI-E","SK6812MINI-E_fixed-3d",192.475000,-112.175000,180.000000,bottom
"D120","SK6812MINI-E","SK6812MINI-E_fixed-3d",211.350001,-112.452842,180.000000,bottom
"D121","SK6812MINI-E","SK6812MINI-E_fixed-3d",231.025000,-112.125000,180.000000,bottom
"D122","SK6812MINI-E","SK6812MINI-E_fixed-3d",250.862501,-111.952842,180.000000,bottom
"D123","SK6812MINI-E","SK6812MINI-E_fixed-3d",270.475001,-111.902842,180.000000,bottom
"D124","SK6812MINI-E","SK6812MINI-E_fixed-3d",288.912501,-111.877842,180.000000,bottom
"D125","SK6812MINI-E","SK6812MINI-E_fixed-3d",308.250001,-112.527842,180.000000,bottom
"D126","SK6812MINI-E","SK6812MINI-E_fixed-3d",334.650000,-112.675000,180.000000,bottom
"D127","SK6812MINI-E","SK6812MINI-E_fixed-3d",329.225000,-131.425000,180.000000,bottom
"D128","SK6812MINI-E","SK6812MINI-E_fixed-3d",298.375001,-131.327842,180.000000,bottom
"D129","SK6812MINI-E","SK6812MINI-E_fixed-3d",279.275001,-131.327842,180.000000,bottom
"D130","SK6812MINI-E","SK6812MINI-E_fixed-3d",259.650001,-131.577842,180.000000,bottom
"D131","SK6812MINI-E","SK6812MINI-E_fixed-3d",240.800000,-131.825000,180.000000,bottom
"D132","SK6812MINI-E","SK6812MINI-E_fixed-3d",221.412501,-131.252842,180.000000,bottom
"D133","SK6812MINI-E","SK6812MINI-E_fixed-3d",202.475001,-131.777842,180.000000,bottom
"D134","SK6812MINI-E","SK6812MINI-E_fixed-3d",182.925001,-131.327842,180.000000,bottom
"D135","SK6812MINI-E","SK6812MINI-E_fixed-3d",163.575001,-131.327842,180.000000,bottom
"D136","SK6812MINI-E","SK6812MINI-E_fixed-3d",144.225001,-131.877842,180.000000,bottom
"D137","SK6812MINI-E","SK6812MINI-E_fixed-3d",124.875001,-131.602842,180.000000,bottom
"D138","SK6812MINI-E","SK6812MINI-E_fixed-3d",94.087501,-130.777842,180.000000,bottom
"D139","SK6812MINI-E","SK6812MINI-E_fixed-3d",81.625000,-150.425000,180.000000,bottom
"D140","SK6812MINI-E","SK6812MINI-E_fixed-3d",101.600000,-150.350000,180.000000,bottom
"D141","SK6812MINI-E","SK6812MINI-E_fixed-3d",120.575000,-150.450000,180.000000,bottom
"D142","SK6812MINI-E","SK6812MINI-E_fixed-3d",142.100000,-150.825000,180.000000,bottom
"D143","SK6812MINI-E","SK6812MINI-E_fixed-3d",213.787501,-150.577842,180.000000,bottom
"D144","SK6812MINI-E","SK6812MINI-E_fixed-3d",285.987501,-150.852842,180.000000,bottom
"D145","SK6812MINI-E","SK6812MINI-E_fixed-3d",307.700000,-151.250000,180.000000,bottom
"D146","SK6812MINI-E","SK6812MINI-E_fixed-3d",336.600001,-150.602842,180.000000,bottom
"D147","SK6812MINI-E","SK6812MINI-E_fixed-3d",355.200001,-151.027842,180.000000,bottom
"D148","SK6812MINI-E","SK6812MINI-E_fixed-3d",375.525001,-151.027842,180.000000,bottom
"D149","SK6812MINI-E","SK6812MINI-E_fixed-3d",356.075001,-131.552842,180.000000,bottom
""'1","SW_Push","SW_Cherry_MX_1.00u_PCB-Gateron-KS-3x switch",310.465000,-102.470000,0.000000,top
"-1","SW_Push","SW_Cherry_MX_1.00u_PCB-Gateron-KS-3x switch",295.820000,-63.995000,0.000000,top
":;1","SW_Push","SW_Cherry_MX_1.00u_PCB-Gateron-KS-3x switch",291.215000,-102.445000,0.000000,top
"<1","SW_Push","SW_Cherry_MX_1.00u_PCB-Gateron-KS-3x switch",262.140000,-121.570000,0.000000,top
"=2","SW_Push","SW_Cherry_MX_1.00u_PCB-Gateron-KS-3x switch",315.145000,-63.920000,0.000000,top
">1","SW_Push","SW_Cherry_MX_1.00u_PCB-Gateron-KS-3x switch",281.315000,-121.470000,0.000000,top
"?/1","SW_Push","SW_Cherry_MX_1.00u_PCB-Gateron-KS-3x switch",300.585000,-121.620000,0.000000,top
"A1","RaspberryPi_Pico_W","RaspberryPi_Pico_W_SMD_HandSolder",371.810000,-49.255000,0.000000,top
"A2","SW_Push","SW_Cherry_MX_1.00u_PCB-Gateron-KS-3x switch",118.085000,-102.345000,0.000000,top
"B1","SW_Push","SW_Cherry_MX_1.00u_PCB-Gateron-KS-3x switch",204.335000,-121.645000,0.000000,top
"C1","SW_Push","SW_Cherry_MX_1.00u_PCB-Gateron-KS-3x switch",165.965000,-121.545000,0.000000,top
"CAPS1","SW_Push","SW_Cherry_MX_1.75u_PCB-Gateron-KS-3X",91.770000,-102.270000,0.000000,top
"CMD1","SW_Push","SW_Cherry_MX_1.25u_PCB-Gateron-KS-3X",144.595000,-140.670000,0.000000,top
"D151","SW_Push","SW_Cherry_MX_1.00u_PCB-Gateron-KS-3x switch",156.400000,-102.375000,0.000000,top
"D152","1N4148","D_DO-35_SOD27_P7.62mm_Horizontal",325.700000,-58.615000,-90.000000,top
"DELL1","SW_Push","SW_Cherry_MX_1.50u_PCB-Gateron-KS-3X",339.095000,-63.920000,0.000000,top
"DOWN1","SW_Push","SW_Cherry_MX_1.00u_PCB-Gateron-KS-3x switch",357.815000,-140.820000,0.000000,top
"E1","SW_Push","SW_Cherry_MX_1.00u_PCB-Gateron-KS-3x switch",151.675000,-83.275000,0.000000,top
"ENTER1","SW_Push","SW_Cherry_MX_1.75u_PCB-Gateron-KS-3X",336.770000,-102.470000,0.000000,top
"ESC1","SW_Push","SW_Cherry_MX_1.50u_PCB-Gateron-KS-3X",89.105000,-40.095000,0.000000,top
"F1","SW_Push","SW_Cherry_MX_1.00u_PCB-Gateron-KS-3x switch",133.990000,-40.160000,0.000000,top
"F2","SW_Push","SW_Cherry_MX_1.00u_PCB-Gateron-KS-3x switch",153.195000,-40.160000,0.000000,top
"F3","SW_Push","SW_Cherry_MX_1.00u_PCB-Gateron-KS-3x switch",172.325000,-40.185000,0.000000,top
"F4","SW_Push","SW_Cherry_MX_1.00u_PCB-Gateron-KS-3x switch",214.665000,-40.145000,0.000000,top
"F5","SW_Push","SW_Cherry_MX_1.00u_PCB-Gateron-KS-3x switch",233.845000,-40.170000,0.000000,top
"F9","SW_Push","SW_Cherry_MX_1.00u_PCB-Gateron-KS-3x switch",175.585000,-102.370000,0.000000,top
"G1","SW_Push","SW_Cherry_MX_1.00u_PCB-Gateron-KS-3x switch",194.810000,-102.370000,0.000000,top
"H1","SW_Push","SW_Cherry_MX_1.00u_PCB-Gateron-KS-3x switch",214.035000,-102.370000,0.000000,top
"I1","SW_Push","SW_Cherry_MX_1.00u_PCB-Gateron-KS-3x switch",247.915000,-83.070000,0.000000,top
"J1","SW_Push","SW_Cherry_MX_1.00u_PCB-Gateron-KS-3x switch",233.515000,-102.345000,0.000000,top
"K1","SW_Push","SW_Cherry_MX_1.00u_PCB-Gateron-KS-3x switch",252.810000,-102.445000,0.000000,top
"L1","SW_Push","SW_Cherry_MX_1.00u_PCB-Gateron-KS-3x switch",272.040000,-102.395000,0.000000,top
"LCRTL1","SW_Push","SW_Cherry_MX_1.00u_PCB-Gateron-KS-3x switch",103.785000,-140.545000,0.000000,top
"LEFT1","SW_Push","SW_Cherry_MX_1.00u_PCB-Gateron-KS-3x switch",338.625000,-140.750000,0.000000,top
"LFN1","SW_Push","SW_Cherry_MX_1.00u_PCB-Gateron-KS-3x switch",84.725000,-140.635000,0.000000,top
"LSHIFT1","SW_Push","SW_Cherry_MX_2.25u_PCB-Gateron-KS-3X",96.515000,-121.455000,0.000000,top
"M1","SW_Push","SW_Cherry_MX_1.00u_PCB-Gateron-KS-3x switch",242.860000,-121.470000,0.000000,top
"N0","SW_Push","SW_Cherry_MX_1.00u_PCB-Gateron-KS-3x switch",276.515000,-63.895000,0.000000,top
"N1","SW_Push","SW_Cherry_MX_1.00u_PCB-Gateron-KS-3x switch",104.050000,-64.100000,0.000000,top
"N2","SW_Push","SW_Cherry_MX_1.00u_PCB-Gateron-KS-3x switch",123.190000,-63.995000,0.000000,top
"N3","SW_Push","SW_Cherry_MX_1.00u_PCB-Gateron-KS-3x switch",142.345000,-63.970000,0.000000,top
"N4","SW_Push","SW_Cherry_MX_1.00u_PCB-Gateron-KS-3x switch",161.415000,-63.995000,0.000000,top
"N5","SW_Push","SW_Cherry_MX_1.00u_PCB-Gateron-KS-3x switch",180.715000,-64.020000,0.000000,top
"N6","SW_Push","SW_Cherry_MX_1.00u_PCB-Gateron-KS-3x switch",199.735000,-63.945000,0.000000,top
"N7","SW_Push","SW_Cherry_MX_1.00u_PCB-Gateron-KS-3x switch",218.840000,-63.945000,0.000000,top
"N8","SW_Push","SW_Cherry_MX_1.00u_PCB-Gateron-KS-3x switch",238.040000,-63.970000,0.000000,top
"N9","SW_Push","SW_Cherry_MX_1.00u_PCB-Gateron-KS-3x switch",257.135000,-63.970000,0.000000,top
"N10","SW_Push","SW_Cherry_MX_1.00u_PCB-Gateron-KS-3x switch",223.490000,-121.445000,0.000000,top
"O1","SW_Push","SW_Cherry_MX_1.00u_PCB-Gateron-KS-3x switch",267.210000,-83.220000,0.000000,top
"OPTION1","SW_Push","SW_Cherry_MX_1.00u_PCB-Gateron-KS-3x switch",122.960000,-140.670000,0.000000,top
"P1","SW_Push","SW_Cherry_MX_1.00u_PCB-Gateron-KS-3x switch",286.440000,-83.195000,0.000000,top
"Q1","SW_Push","SW_Cherry_MX_1.00u_PCB-Gateron-KS-3x switch",113.240000,-83.195000,0.000000,top
"R1","SW_Push","SW_Cherry_MX_1.00u_PCB-Gateron-KS-3x switch",171.020000,-83.345000,0.000000,top
"RCMD1","SW_Push","SW_Cherry_MX_1.25u_PCB-Gateron-KS-3X",287.765000,-140.770000,0.000000,top
"RIGHT1","SW_Push","SW_Cherry_MX_1.00u_PCB-Gateron-KS-3x switch",377.115000,-140.820000,0.000000,top
"ROPTION1","SW_Push","SW_Cherry_MX_1.00u_PCB-Gateron-KS-3x switch",309.395000,-140.795000,0.000000,top
"RSHIFT1","SW_Push","SW_Cherry_MX_1.75u_PCB-Gateron-KS-3X",331.640000,-121.637500,0.000000,top
"S1","SW_Push","SW_Cherry_MX_1.00u_PCB-Gateron-KS-3x switch",137.240000,-102.345000,0.000000,top
"SPACE1","SW_Push","SW_Cherry_MX_6.25u_PCB-Gateron-KS-3X-switch",216.215000,-140.762500,0.000000,top
"SW1","RotaryEncoder_Switch","RotaryEncoder_Alps_EC11E-Switch_Vertical_H20mm",304.375000,-43.275000,0.000000,top
"SW2","RotaryEncoder_Switch","RotaryEncoder_Alps_EC11E-Switch_Vertical_H20mm",332.000000,-43.425000,0.000000,top
"T1","SW_Push","SW_Cherry_MX_1.00u_PCB-Gateron-KS-3x switch",190.060000,-83.320000,0.000000,top
"Tab1","SW_Push","SW_Cherry_MX_1.50u_PCB-Gateron-KS-3X",89.370000,-83.145000,0.000000,top
"U1","ER_OLEDM0.91_1x-I2C","ER_OLEDM0.91_1x-I2C",252.010000,-49.010000,90.000000,top
"U2","SW_Push","SW_Cherry_MX_1.00u_PCB-Gateron-KS-3x switch",228.625000,-83.100000,0.000000,top
"UP1","SW_Push","SW_Cherry_MX_1.00u_PCB-Gateron-KS-3x switch",357.810000,-121.670000,0.000000,top
"V1","SW_Push","SW_Cherry_MX_1.00u_PCB-Gateron-KS-3x switch",185.115000,-121.570000,0.000000,top
"W1","SW_Push","SW_Cherry_MX_1.00u_PCB-Gateron-KS-3x switch",132.415000,-83.195000,0.000000,top
"X1","SW_Push","SW_Cherry_MX_1.00u_PCB-Gateron-KS-3x switch",146.815000,-121.545000,0.000000,top
"Y1","SW_Push","SW_Cherry_MX_1.00u_PCB-Gateron-KS-3x switch",209.210000,-83.145000,0.000000,top
"Z1","SW_Push","SW_Cherry_MX_1.00u_PCB-Gateron-KS-3x switch",127.575000,-121.535000,0.000000,top
"\|1","SW_Push","SW_Cherry_MX_1.00u_PCB-Gateron-KS-3x switch",343.845000,-83.095000,0.000000,top
"abovetab1","SW_Push","SW_Cherry_MX_1.00u_PCB-Gateron-KS-3x switch",84.640000,-64.045000,0.000000,top
"{1","SW_Push","SW_Cherry_MX_1.00u_PCB-Gateron-KS-3x switch",305.550000,-83.200000,0.000000,top
"}1","SW_Push","SW_Cherry_MX_1.00u_PCB-Gateron-KS-3x switch",324.740000,-83.070000,0.000000,top
